zip,eiaid,name,state,svc_type,ownership,cmnrate,indrate,resrate
88523,5701,El Paso Electric Co,TX,Bundled,Investor Owned,0.104321264,0.068396185,0.118689772
88520,5701,El Paso Electric Co,TX,Bundled,Investor Owned,0.104321264,0.068396185,0.118689772
88521,5701,El Paso Electric Co,TX,Bundled,Investor Owned,0.104321264,0.068396185,0.118689772
88526,5701,El Paso Electric Co,TX,Bundled,Investor Owned,0.104321264,0.068396185,0.118689772
88527,5701,El Paso Electric Co,TX,Bundled,Investor Owned,0.104321264,0.068396185,0.118689772
88524,5701,El Paso Electric Co,TX,Bundled,Investor Owned,0.104321264,0.068396185,0.118689772
88525,5701,El Paso Electric Co,TX,Bundled,Investor Owned,0.104321264,0.068396185,0.118689772
88528,5701,El Paso Electric Co,TX,Bundled,Investor Owned,0.104321264,0.068396185,0.118689772
88560,5701,El Paso Electric Co,TX,Bundled,Investor Owned,0.104321264,0.068396185,0.118689772
88567,5701,El Paso Electric Co,TX,Bundled,Investor Owned,0.104321264,0.068396185,0.118689772
88563,5701,El Paso Electric Co,TX,Bundled,Investor Owned,0.104321264,0.068396185,0.118689772
79968,5701,El Paso Electric Co,TX,Bundled,Investor Owned,0.104321264,0.068396185,0.118689772
79821,5701,El Paso Electric Co,TX,Bundled,Investor Owned,0.104321264,0.068396185,0.118689772
88555,5701,El Paso Electric Co,TX,Bundled,Investor Owned,0.104321264,0.068396185,0.118689772
79901,5701,El Paso Electric Co,TX,Bundled,Investor Owned,0.104321264,0.068396185,0.118689772
79902,5701,El Paso Electric Co,TX,Bundled,Investor Owned,0.104321264,0.068396185,0.118689772
79903,5701,El Paso Electric Co,TX,Bundled,Investor Owned,0.104321264,0.068396185,0.118689772
79904,5701,El Paso Electric Co,TX,Bundled,Investor Owned,0.104321264,0.068396185,0.118689772
79905,5701,El Paso Electric Co,TX,Bundled,Investor Owned,0.104321264,0.068396185,0.118689772
79906,5701,El Paso Electric Co,TX,Bundled,Investor Owned,0.104321264,0.068396185,0.118689772
79907,5701,El Paso Electric Co,TX,Bundled,Investor Owned,0.104321264,0.068396185,0.118689772
79908,5701,El Paso Electric Co,TX,Bundled,Investor Owned,0.104321264,0.068396185,0.118689772
88529,5701,El Paso Electric Co,TX,Bundled,Investor Owned,0.104321264,0.068396185,0.118689772
88559,5701,El Paso Electric Co,TX,Bundled,Investor Owned,0.104321264,0.068396185,0.118689772
88558,5701,El Paso Electric Co,TX,Bundled,Investor Owned,0.104321264,0.068396185,0.118689772
88553,5701,El Paso Electric Co,TX,Bundled,Investor Owned,0.104321264,0.068396185,0.118689772
88557,5701,El Paso Electric Co,TX,Bundled,Investor Owned,0.104321264,0.068396185,0.118689772
88556,5701,El Paso Electric Co,TX,Bundled,Investor Owned,0.104321264,0.068396185,0.118689772
88554,5701,El Paso Electric Co,TX,Bundled,Investor Owned,0.104321264,0.068396185,0.118689772
79999,5701,El Paso Electric Co,TX,Bundled,Investor Owned,0.104321264,0.068396185,0.118689772
79998,5701,El Paso Electric Co,TX,Bundled,Investor Owned,0.104321264,0.068396185,0.118689772
79997,5701,El Paso Electric Co,TX,Bundled,Investor Owned,0.104321264,0.068396185,0.118689772
79995,5701,El Paso Electric Co,TX,Bundled,Investor Owned,0.104321264,0.068396185,0.118689772
79990,5701,El Paso Electric Co,TX,Bundled,Investor Owned,0.104321264,0.068396185,0.118689772
79931,5701,El Paso Electric Co,TX,Bundled,Investor Owned,0.104321264,0.068396185,0.118689772
79930,5701,El Paso Electric Co,TX,Bundled,Investor Owned,0.104321264,0.068396185,0.118689772
79932,5701,El Paso Electric Co,TX,Bundled,Investor Owned,0.104321264,0.068396185,0.118689772
79935,5701,El Paso Electric Co,TX,Bundled,Investor Owned,0.104321264,0.068396185,0.118689772
79934,5701,El Paso Electric Co,TX,Bundled,Investor Owned,0.104321264,0.068396185,0.118689772
79937,5701,El Paso Electric Co,TX,Bundled,Investor Owned,0.104321264,0.068396185,0.118689772
79936,5701,El Paso Electric Co,TX,Bundled,Investor Owned,0.104321264,0.068396185,0.118689772
88580,5701,El Paso Electric Co,TX,Bundled,Investor Owned,0.104321264,0.068396185,0.118689772
88534,5701,El Paso Electric Co,TX,Bundled,Investor Owned,0.104321264,0.068396185,0.118689772
88583,5701,El Paso Electric Co,TX,Bundled,Investor Owned,0.104321264,0.068396185,0.118689772
88588,5701,El Paso Electric Co,TX,Bundled,Investor Owned,0.104321264,0.068396185,0.118689772
88589,5701,El Paso Electric Co,TX,Bundled,Investor Owned,0.104321264,0.068396185,0.118689772
88579,5701,El Paso Electric Co,TX,Bundled,Investor Owned,0.104321264,0.068396185,0.118689772
88578,5701,El Paso Electric Co,TX,Bundled,Investor Owned,0.104321264,0.068396185,0.118689772
88577,5701,El Paso Electric Co,TX,Bundled,Investor Owned,0.104321264,0.068396185,0.118689772
88576,5701,El Paso Electric Co,TX,Bundled,Investor Owned,0.104321264,0.068396185,0.118689772
88570,5701,El Paso Electric Co,TX,Bundled,Investor Owned,0.104321264,0.068396185,0.118689772
79849,5701,El Paso Electric Co,TX,Bundled,Investor Owned,0.104321264,0.068396185,0.118689772
79960,5701,El Paso Electric Co,TX,Bundled,Investor Owned,0.104321264,0.068396185,0.118689772
79961,5701,El Paso Electric Co,TX,Bundled,Investor Owned,0.104321264,0.068396185,0.118689772
79980,5701,El Paso Electric Co,TX,Bundled,Investor Owned,0.104321264,0.068396185,0.118689772
88531,5701,El Paso Electric Co,TX,Bundled,Investor Owned,0.104321264,0.068396185,0.118689772
88530,5701,El Paso Electric Co,TX,Bundled,Investor Owned,0.104321264,0.068396185,0.118689772
88533,5701,El Paso Electric Co,TX,Bundled,Investor Owned,0.104321264,0.068396185,0.118689772
88532,5701,El Paso Electric Co,TX,Bundled,Investor Owned,0.104321264,0.068396185,0.118689772
88535,5701,El Paso Electric Co,TX,Bundled,Investor Owned,0.104321264,0.068396185,0.118689772
88536,5701,El Paso Electric Co,TX,Bundled,Investor Owned,0.104321264,0.068396185,0.118689772
88539,5701,El Paso Electric Co,TX,Bundled,Investor Owned,0.104321264,0.068396185,0.118689772
88538,5701,El Paso Electric Co,TX,Bundled,Investor Owned,0.104321264,0.068396185,0.118689772
88581,5701,El Paso Electric Co,TX,Bundled,Investor Owned,0.104321264,0.068396185,0.118689772
88582,5701,El Paso Electric Co,TX,Bundled,Investor Owned,0.104321264,0.068396185,0.118689772
88584,5701,El Paso Electric Co,TX,Bundled,Investor Owned,0.104321264,0.068396185,0.118689772
79915,5701,El Paso Electric Co,TX,Bundled,Investor Owned,0.104321264,0.068396185,0.118689772
79913,5701,El Paso Electric Co,TX,Bundled,Investor Owned,0.104321264,0.068396185,0.118689772
79911,5701,El Paso Electric Co,TX,Bundled,Investor Owned,0.104321264,0.068396185,0.118689772
79910,5701,El Paso Electric Co,TX,Bundled,Investor Owned,0.104321264,0.068396185,0.118689772
88568,5701,El Paso Electric Co,TX,Bundled,Investor Owned,0.104321264,0.068396185,0.118689772
88569,5701,El Paso Electric Co,TX,Bundled,Investor Owned,0.104321264,0.068396185,0.118689772
88566,5701,El Paso Electric Co,TX,Bundled,Investor Owned,0.104321264,0.068396185,0.118689772
88565,5701,El Paso Electric Co,TX,Bundled,Investor Owned,0.104321264,0.068396185,0.118689772
88562,5701,El Paso Electric Co,TX,Bundled,Investor Owned,0.104321264,0.068396185,0.118689772
79996,5701,El Paso Electric Co,TX,Bundled,Investor Owned,0.104321264,0.068396185,0.118689772
79948,5701,El Paso Electric Co,TX,Bundled,Investor Owned,0.104321264,0.068396185,0.118689772
79949,5701,El Paso Electric Co,TX,Bundled,Investor Owned,0.104321264,0.068396185,0.118689772
79944,5701,El Paso Electric Co,TX,Bundled,Investor Owned,0.104321264,0.068396185,0.118689772
79945,5701,El Paso Electric Co,TX,Bundled,Investor Owned,0.104321264,0.068396185,0.118689772
79946,5701,El Paso Electric Co,TX,Bundled,Investor Owned,0.104321264,0.068396185,0.118689772
79947,5701,El Paso Electric Co,TX,Bundled,Investor Owned,0.104321264,0.068396185,0.118689772
79940,5701,El Paso Electric Co,TX,Bundled,Investor Owned,0.104321264,0.068396185,0.118689772
79941,5701,El Paso Electric Co,TX,Bundled,Investor Owned,0.104321264,0.068396185,0.118689772
79943,5701,El Paso Electric Co,TX,Bundled,Investor Owned,0.104321264,0.068396185,0.118689772
88595,5701,El Paso Electric Co,TX,Bundled,Investor Owned,0.104321264,0.068396185,0.118689772
88590,5701,El Paso Electric Co,TX,Bundled,Investor Owned,0.104321264,0.068396185,0.118689772
88585,5701,El Paso Electric Co,TX,Bundled,Investor Owned,0.104321264,0.068396185,0.118689772
88586,5701,El Paso Electric Co,TX,Bundled,Investor Owned,0.104321264,0.068396185,0.118689772
88587,5701,El Paso Electric Co,TX,Bundled,Investor Owned,0.104321264,0.068396185,0.118689772
88519,5701,El Paso Electric Co,TX,Bundled,Investor Owned,0.104321264,0.068396185,0.118689772
88518,5701,El Paso Electric Co,TX,Bundled,Investor Owned,0.104321264,0.068396185,0.118689772
88515,5701,El Paso Electric Co,TX,Bundled,Investor Owned,0.104321264,0.068396185,0.118689772
88512,5701,El Paso Electric Co,TX,Bundled,Investor Owned,0.104321264,0.068396185,0.118689772
88511,5701,El Paso Electric Co,TX,Bundled,Investor Owned,0.104321264,0.068396185,0.118689772
79835,5701,El Paso Electric Co,TX,Bundled,Investor Owned,0.104321264,0.068396185,0.118689772
79836,5701,El Paso Electric Co,TX,Bundled,Investor Owned,0.104321264,0.068396185,0.118689772
79838,5701,El Paso Electric Co,TX,Bundled,Investor Owned,0.104321264,0.068396185,0.118689772
79839,5701,El Paso Electric Co,TX,Bundled,Investor Owned,0.104321264,0.068396185,0.118689772
79976,5701,El Paso Electric Co,TX,Bundled,Investor Owned,0.104321264,0.068396185,0.118689772
79978,5701,El Paso Electric Co,TX,Bundled,Investor Owned,0.104321264,0.068396185,0.118689772
88544,5701,El Paso Electric Co,TX,Bundled,Investor Owned,0.104321264,0.068396185,0.118689772
88545,5701,El Paso Electric Co,TX,Bundled,Investor Owned,0.104321264,0.068396185,0.118689772
88546,5701,El Paso Electric Co,TX,Bundled,Investor Owned,0.104321264,0.068396185,0.118689772
88547,5701,El Paso Electric Co,TX,Bundled,Investor Owned,0.104321264,0.068396185,0.118689772
88540,5701,El Paso Electric Co,TX,Bundled,Investor Owned,0.104321264,0.068396185,0.118689772
88541,5701,El Paso Electric Co,TX,Bundled,Investor Owned,0.104321264,0.068396185,0.118689772
88542,5701,El Paso Electric Co,TX,Bundled,Investor Owned,0.104321264,0.068396185,0.118689772
88543,5701,El Paso Electric Co,TX,Bundled,Investor Owned,0.104321264,0.068396185,0.118689772
88548,5701,El Paso Electric Co,TX,Bundled,Investor Owned,0.104321264,0.068396185,0.118689772
88549,5701,El Paso Electric Co,TX,Bundled,Investor Owned,0.104321264,0.068396185,0.118689772
88574,5701,El Paso Electric Co,TX,Bundled,Investor Owned,0.104321264,0.068396185,0.118689772
88550,5701,El Paso Electric Co,TX,Bundled,Investor Owned,0.104321264,0.068396185,0.118689772
79928,5701,El Paso Electric Co,TX,Bundled,Investor Owned,0.104321264,0.068396185,0.118689772
79929,5701,El Paso Electric Co,TX,Bundled,Investor Owned,0.104321264,0.068396185,0.118689772
79922,5701,El Paso Electric Co,TX,Bundled,Investor Owned,0.104321264,0.068396185,0.118689772
79923,5701,El Paso Electric Co,TX,Bundled,Investor Owned,0.104321264,0.068396185,0.118689772
79920,5701,El Paso Electric Co,TX,Bundled,Investor Owned,0.104321264,0.068396185,0.118689772
79926,5701,El Paso Electric Co,TX,Bundled,Investor Owned,0.104321264,0.068396185,0.118689772
79927,5701,El Paso Electric Co,TX,Bundled,Investor Owned,0.104321264,0.068396185,0.118689772
79924,5701,El Paso Electric Co,TX,Bundled,Investor Owned,0.104321264,0.068396185,0.118689772
79925,5701,El Paso Electric Co,TX,Bundled,Investor Owned,0.104321264,0.068396185,0.118689772
88572,5701,El Paso Electric Co,TX,Bundled,Investor Owned,0.104321264,0.068396185,0.118689772
88575,5701,El Paso Electric Co,TX,Bundled,Investor Owned,0.104321264,0.068396185,0.118689772
88571,5701,El Paso Electric Co,TX,Bundled,Investor Owned,0.104321264,0.068396185,0.118689772
88573,5701,El Paso Electric Co,TX,Bundled,Investor Owned,0.104321264,0.068396185,0.118689772
88561,5701,El Paso Electric Co,TX,Bundled,Investor Owned,0.104321264,0.068396185,0.118689772
88517,5701,El Paso Electric Co,TX,Bundled,Investor Owned,0.104321264,0.068396185,0.118689772
88516,5701,El Paso Electric Co,TX,Bundled,Investor Owned,0.104321264,0.068396185,0.118689772
88514,5701,El Paso Electric Co,TX,Bundled,Investor Owned,0.104321264,0.068396185,0.118689772
88513,5701,El Paso Electric Co,TX,Bundled,Investor Owned,0.104321264,0.068396185,0.118689772
88510,5701,El Paso Electric Co,TX,Bundled,Investor Owned,0.104321264,0.068396185,0.118689772
79853,5701,El Paso Electric Co,TX,Bundled,Investor Owned,0.104321264,0.068396185,0.118689772
79917,5701,El Paso Electric Co,TX,Bundled,Investor Owned,0.104321264,0.068396185,0.118689772
79916,5701,El Paso Electric Co,TX,Bundled,Investor Owned,0.104321264,0.068396185,0.118689772
79914,5701,El Paso Electric Co,TX,Bundled,Investor Owned,0.104321264,0.068396185,0.118689772
79912,5701,El Paso Electric Co,TX,Bundled,Investor Owned,0.104321264,0.068396185,0.118689772
79918,5701,El Paso Electric Co,TX,Bundled,Investor Owned,0.104321264,0.068396185,0.118689772
79953,5701,El Paso Electric Co,TX,Bundled,Investor Owned,0.104321264,0.068396185,0.118689772
79952,5701,El Paso Electric Co,TX,Bundled,Investor Owned,0.104321264,0.068396185,0.118689772
79951,5701,El Paso Electric Co,TX,Bundled,Investor Owned,0.104321264,0.068396185,0.118689772
79950,5701,El Paso Electric Co,TX,Bundled,Investor Owned,0.104321264,0.068396185,0.118689772
79955,5701,El Paso Electric Co,TX,Bundled,Investor Owned,0.104321264,0.068396185,0.118689772
79954,5701,El Paso Electric Co,TX,Bundled,Investor Owned,0.104321264,0.068396185,0.118689772
79958,5701,El Paso Electric Co,TX,Bundled,Investor Owned,0.104321264,0.068396185,0.118689772
59201,12199,Montana-Dakota Utilities Co,MT,Bundled,Investor Owned,0.069084015,0.051681802,0.083079809
59326,12199,Montana-Dakota Utilities Co,MT,Bundled,Investor Owned,0.069084015,0.051681802,0.083079809
59313,12199,Montana-Dakota Utilities Co,MT,Bundled,Investor Owned,0.069084015,0.051681802,0.083079809
59258,12199,Montana-Dakota Utilities Co,MT,Bundled,Investor Owned,0.069084015,0.051681802,0.083079809
59259,12199,Montana-Dakota Utilities Co,MT,Bundled,Investor Owned,0.069084015,0.051681802,0.083079809
59255,12199,Montana-Dakota Utilities Co,MT,Bundled,Investor Owned,0.069084015,0.051681802,0.083079809
59354,12199,Montana-Dakota Utilities Co,MT,Bundled,Investor Owned,0.069084015,0.051681802,0.083079809
59353,12199,Montana-Dakota Utilities Co,MT,Bundled,Investor Owned,0.069084015,0.051681802,0.083079809
59221,12199,Montana-Dakota Utilities Co,MT,Bundled,Investor Owned,0.069084015,0.051681802,0.083079809
59226,12199,Montana-Dakota Utilities Co,MT,Bundled,Investor Owned,0.069084015,0.051681802,0.083079809
59301,12199,Montana-Dakota Utilities Co,MT,Bundled,Investor Owned,0.069084015,0.051681802,0.083079809
59274,12199,Montana-Dakota Utilities Co,MT,Bundled,Investor Owned,0.069084015,0.051681802,0.083079809
59330,12199,Montana-Dakota Utilities Co,MT,Bundled,Investor Owned,0.069084015,0.051681802,0.083079809
59333,12199,Montana-Dakota Utilities Co,MT,Bundled,Investor Owned,0.069084015,0.051681802,0.083079809
59338,12199,Montana-Dakota Utilities Co,MT,Bundled,Investor Owned,0.069084015,0.051681802,0.083079809
59243,12199,Montana-Dakota Utilities Co,MT,Bundled,Investor Owned,0.069084015,0.051681802,0.083079809
59242,12199,Montana-Dakota Utilities Co,MT,Bundled,Investor Owned,0.069084015,0.051681802,0.083079809
59247,12199,Montana-Dakota Utilities Co,MT,Bundled,Investor Owned,0.069084015,0.051681802,0.083079809
59217,12199,Montana-Dakota Utilities Co,MT,Bundled,Investor Owned,0.069084015,0.051681802,0.083079809
59212,12199,Montana-Dakota Utilities Co,MT,Bundled,Investor Owned,0.069084015,0.051681802,0.083079809
59213,12199,Montana-Dakota Utilities Co,MT,Bundled,Investor Owned,0.069084015,0.051681802,0.083079809
59218,12199,Montana-Dakota Utilities Co,MT,Bundled,Investor Owned,0.069084015,0.051681802,0.083079809
59262,12199,Montana-Dakota Utilities Co,MT,Bundled,Investor Owned,0.069084015,0.051681802,0.083079809
59341,12199,Montana-Dakota Utilities Co,MT,Bundled,Investor Owned,0.069084015,0.051681802,0.083079809
59344,12199,Montana-Dakota Utilities Co,MT,Bundled,Investor Owned,0.069084015,0.051681802,0.083079809
59347,12199,Montana-Dakota Utilities Co,MT,Bundled,Investor Owned,0.069084015,0.051681802,0.083079809
59219,12199,Montana-Dakota Utilities Co,MT,Bundled,Investor Owned,0.069084015,0.051681802,0.083079809
59315,12199,Montana-Dakota Utilities Co,MT,Bundled,Investor Owned,0.069084015,0.051681802,0.083079809
59033,12825,NorthWestern Energy LLC - (MT),MT,Bundled,Investor Owned,0.102187894,0.080272269,0.105844194
59030,12825,NorthWestern Energy LLC - (MT),MT,Bundled,Investor Owned,0.102187894,0.080272269,0.105844194
59034,12825,NorthWestern Energy LLC - (MT),MT,Bundled,Investor Owned,0.102187894,0.080272269,0.105844194
59035,12825,NorthWestern Energy LLC - (MT),MT,Bundled,Investor Owned,0.102187894,0.080272269,0.105844194
59747,12825,NorthWestern Energy LLC - (MT),MT,Bundled,Investor Owned,0.102187894,0.080272269,0.105844194
59740,12825,NorthWestern Energy LLC - (MT),MT,Bundled,Investor Owned,0.102187894,0.080272269,0.105844194
59748,12825,NorthWestern Energy LLC - (MT),MT,Bundled,Investor Owned,0.102187894,0.080272269,0.105844194
59749,12825,NorthWestern Energy LLC - (MT),MT,Bundled,Investor Owned,0.102187894,0.080272269,0.105844194
59624,12825,NorthWestern Energy LLC - (MT),MT,Bundled,Investor Owned,0.102187894,0.080272269,0.105844194
59858,12825,NorthWestern Energy LLC - (MT),MT,Bundled,Investor Owned,0.102187894,0.080272269,0.105844194
59859,12825,NorthWestern Energy LLC - (MT),MT,Bundled,Investor Owned,0.102187894,0.080272269,0.105844194
59436,12825,NorthWestern Energy LLC - (MT),MT,Bundled,Investor Owned,0.102187894,0.080272269,0.105844194
59041,12825,NorthWestern Energy LLC - (MT),MT,Bundled,Investor Owned,0.102187894,0.080272269,0.105844194
59047,12825,NorthWestern Energy LLC - (MT),MT,Bundled,Investor Owned,0.102187894,0.080272269,0.105844194
59639,12825,NorthWestern Energy LLC - (MT),MT,Bundled,Investor Owned,0.102187894,0.080272269,0.105844194
59631,12825,NorthWestern Energy LLC - (MT),MT,Bundled,Investor Owned,0.102187894,0.080272269,0.105844194
59632,12825,NorthWestern Energy LLC - (MT),MT,Bundled,Investor Owned,0.102187894,0.080272269,0.105844194
59633,12825,NorthWestern Energy LLC - (MT),MT,Bundled,Investor Owned,0.102187894,0.080272269,0.105844194
59634,12825,NorthWestern Energy LLC - (MT),MT,Bundled,Investor Owned,0.102187894,0.080272269,0.105844194
59635,12825,NorthWestern Energy LLC - (MT),MT,Bundled,Investor Owned,0.102187894,0.080272269,0.105844194
59061,12825,NorthWestern Energy LLC - (MT),MT,Bundled,Investor Owned,0.102187894,0.080272269,0.105844194
59771,12825,NorthWestern Energy LLC - (MT),MT,Bundled,Investor Owned,0.102187894,0.080272269,0.105844194
59772,12825,NorthWestern Energy LLC - (MT),MT,Bundled,Investor Owned,0.102187894,0.080272269,0.105844194
59867,12825,NorthWestern Energy LLC - (MT),MT,Bundled,Investor Owned,0.102187894,0.080272269,0.105844194
59866,12825,NorthWestern Energy LLC - (MT),MT,Bundled,Investor Owned,0.102187894,0.080272269,0.105844194
59741,12825,NorthWestern Energy LLC - (MT),MT,Bundled,Investor Owned,0.102187894,0.080272269,0.105844194
59443,12825,NorthWestern Energy LLC - (MT),MT,Bundled,Investor Owned,0.102187894,0.080272269,0.105844194
59442,12825,NorthWestern Energy LLC - (MT),MT,Bundled,Investor Owned,0.102187894,0.080272269,0.105844194
59601,12825,NorthWestern Energy LLC - (MT),MT,Bundled,Investor Owned,0.102187894,0.080272269,0.105844194
59604,12825,NorthWestern Energy LLC - (MT),MT,Bundled,Investor Owned,0.102187894,0.080272269,0.105844194
59014,12825,NorthWestern Energy LLC - (MT),MT,Bundled,Investor Owned,0.102187894,0.080272269,0.105844194
59522,12825,NorthWestern Energy LLC - (MT),MT,Bundled,Investor Owned,0.102187894,0.080272269,0.105844194
59720,12825,NorthWestern Energy LLC - (MT),MT,Bundled,Investor Owned,0.102187894,0.080272269,0.105844194
59728,12825,NorthWestern Energy LLC - (MT),MT,Bundled,Investor Owned,0.102187894,0.080272269,0.105844194
59729,12825,NorthWestern Energy LLC - (MT),MT,Bundled,Investor Owned,0.102187894,0.080272269,0.105844194
59112,12825,NorthWestern Energy LLC - (MT),MT,Bundled,Investor Owned,0.102187894,0.080272269,0.105844194
59832,12825,NorthWestern Energy LLC - (MT),MT,Bundled,Investor Owned,0.102187894,0.080272269,0.105844194
59830,12825,NorthWestern Energy LLC - (MT),MT,Bundled,Investor Owned,0.102187894,0.080272269,0.105844194
59837,12825,NorthWestern Energy LLC - (MT),MT,Bundled,Investor Owned,0.102187894,0.080272269,0.105844194
59835,12825,NorthWestern Energy LLC - (MT),MT,Bundled,Investor Owned,0.102187894,0.080272269,0.105844194
59414,12825,NorthWestern Energy LLC - (MT),MT,Bundled,Investor Owned,0.102187894,0.080272269,0.105844194
59412,12825,NorthWestern Energy LLC - (MT),MT,Bundled,Investor Owned,0.102187894,0.080272269,0.105844194
59029,12825,NorthWestern Energy LLC - (MT),MT,Bundled,Investor Owned,0.102187894,0.080272269,0.105844194
59020,12825,NorthWestern Energy LLC - (MT),MT,Bundled,Investor Owned,0.102187894,0.080272269,0.105844194
59025,12825,NorthWestern Energy LLC - (MT),MT,Bundled,Investor Owned,0.102187894,0.080272269,0.105844194
59027,12825,NorthWestern Energy LLC - (MT),MT,Bundled,Investor Owned,0.102187894,0.080272269,0.105844194
59026,12825,NorthWestern Energy LLC - (MT),MT,Bundled,Investor Owned,0.102187894,0.080272269,0.105844194
59752,12825,NorthWestern Energy LLC - (MT),MT,Bundled,Investor Owned,0.102187894,0.080272269,0.105844194
59756,12825,NorthWestern Energy LLC - (MT),MT,Bundled,Investor Owned,0.102187894,0.080272269,0.105844194
59755,12825,NorthWestern Energy LLC - (MT),MT,Bundled,Investor Owned,0.102187894,0.080272269,0.105844194
59273,12825,NorthWestern Energy LLC - (MT),MT,Bundled,Investor Owned,0.102187894,0.080272269,0.105844194
59842,12825,NorthWestern Energy LLC - (MT),MT,Bundled,Investor Owned,0.102187894,0.080272269,0.105844194
59425,12825,NorthWestern Energy LLC - (MT),MT,Bundled,Investor Owned,0.102187894,0.080272269,0.105844194
59424,12825,NorthWestern Energy LLC - (MT),MT,Bundled,Investor Owned,0.102187894,0.080272269,0.105844194
59421,12825,NorthWestern Energy LLC - (MT),MT,Bundled,Investor Owned,0.102187894,0.080272269,0.105844194
59052,12825,NorthWestern Energy LLC - (MT),MT,Bundled,Investor Owned,0.102187894,0.080272269,0.105844194
59074,12825,NorthWestern Energy LLC - (MT),MT,Bundled,Investor Owned,0.102187894,0.080272269,0.105844194
59072,12825,NorthWestern Energy LLC - (MT),MT,Bundled,Investor Owned,0.102187894,0.080272269,0.105844194
59073,12825,NorthWestern Energy LLC - (MT),MT,Bundled,Investor Owned,0.102187894,0.080272269,0.105844194
59745,12825,NorthWestern Energy LLC - (MT),MT,Bundled,Investor Owned,0.102187894,0.080272269,0.105844194
59625,12825,NorthWestern Energy LLC - (MT),MT,Bundled,Investor Owned,0.102187894,0.080272269,0.105844194
59623,12825,NorthWestern Energy LLC - (MT),MT,Bundled,Investor Owned,0.102187894,0.080272269,0.105844194
59540,12825,NorthWestern Energy LLC - (MT),MT,Bundled,Investor Owned,0.102187894,0.080272269,0.105844194
59701,12825,NorthWestern Energy LLC - (MT),MT,Bundled,Investor Owned,0.102187894,0.080272269,0.105844194
59702,12825,NorthWestern Energy LLC - (MT),MT,Bundled,Investor Owned,0.102187894,0.080272269,0.105844194
59703,12825,NorthWestern Energy LLC - (MT),MT,Bundled,Investor Owned,0.102187894,0.080272269,0.105844194
59433,12825,NorthWestern Energy LLC - (MT),MT,Bundled,Investor Owned,0.102187894,0.080272269,0.105844194
59716,12825,NorthWestern Energy LLC - (MT),MT,Bundled,Investor Owned,0.102187894,0.080272269,0.105844194
59812,12825,NorthWestern Energy LLC - (MT),MT,Bundled,Investor Owned,0.102187894,0.080272269,0.105844194
59472,12825,NorthWestern Energy LLC - (MT),MT,Bundled,Investor Owned,0.102187894,0.080272269,0.105844194
59477,12825,NorthWestern Energy LLC - (MT),MT,Bundled,Investor Owned,0.102187894,0.080272269,0.105844194
59841,12825,NorthWestern Energy LLC - (MT),MT,Bundled,Investor Owned,0.102187894,0.080272269,0.105844194
59001,12825,NorthWestern Energy LLC - (MT),MT,Bundled,Investor Owned,0.102187894,0.080272269,0.105844194
59008,12825,NorthWestern Energy LLC - (MT),MT,Bundled,Investor Owned,0.102187894,0.080272269,0.105844194
59479,12825,NorthWestern Energy LLC - (MT),MT,Bundled,Investor Owned,0.102187894,0.080272269,0.105844194
59731,12825,NorthWestern Energy LLC - (MT),MT,Bundled,Investor Owned,0.102187894,0.080272269,0.105844194
59730,12825,NorthWestern Energy LLC - (MT),MT,Bundled,Investor Owned,0.102187894,0.080272269,0.105844194
59733,12825,NorthWestern Energy LLC - (MT),MT,Bundled,Investor Owned,0.102187894,0.080272269,0.105844194
59735,12825,NorthWestern Energy LLC - (MT),MT,Bundled,Investor Owned,0.102187894,0.080272269,0.105844194
59082,12825,NorthWestern Energy LLC - (MT),MT,Bundled,Investor Owned,0.102187894,0.080272269,0.105844194
59081,12825,NorthWestern Energy LLC - (MT),MT,Bundled,Investor Owned,0.102187894,0.080272269,0.105844194
59801,12825,NorthWestern Energy LLC - (MT),MT,Bundled,Investor Owned,0.102187894,0.080272269,0.105844194
59403,12825,NorthWestern Energy LLC - (MT),MT,Bundled,Investor Owned,0.102187894,0.080272269,0.105844194
59402,12825,NorthWestern Energy LLC - (MT),MT,Bundled,Investor Owned,0.102187894,0.080272269,0.105844194
59401,12825,NorthWestern Energy LLC - (MT),MT,Bundled,Investor Owned,0.102187894,0.080272269,0.105844194
59406,12825,NorthWestern Energy LLC - (MT),MT,Bundled,Investor Owned,0.102187894,0.080272269,0.105844194
59405,12825,NorthWestern Energy LLC - (MT),MT,Bundled,Investor Owned,0.102187894,0.080272269,0.105844194
59404,12825,NorthWestern Energy LLC - (MT),MT,Bundled,Investor Owned,0.102187894,0.080272269,0.105844194
59648,12825,NorthWestern Energy LLC - (MT),MT,Bundled,Investor Owned,0.102187894,0.080272269,0.105844194
59645,12825,NorthWestern Energy LLC - (MT),MT,Bundled,Investor Owned,0.102187894,0.080272269,0.105844194
59644,12825,NorthWestern Energy LLC - (MT),MT,Bundled,Investor Owned,0.102187894,0.080272269,0.105844194
59647,12825,NorthWestern Energy LLC - (MT),MT,Bundled,Investor Owned,0.102187894,0.080272269,0.105844194
59641,12825,NorthWestern Energy LLC - (MT),MT,Bundled,Investor Owned,0.102187894,0.080272269,0.105844194
59640,12825,NorthWestern Energy LLC - (MT),MT,Bundled,Investor Owned,0.102187894,0.080272269,0.105844194
59643,12825,NorthWestern Energy LLC - (MT),MT,Bundled,Investor Owned,0.102187894,0.080272269,0.105844194
59642,12825,NorthWestern Energy LLC - (MT),MT,Bundled,Investor Owned,0.102187894,0.080272269,0.105844194
59057,12825,NorthWestern Energy LLC - (MT),MT,Bundled,Investor Owned,0.102187894,0.080272269,0.105844194
59053,12825,NorthWestern Energy LLC - (MT),MT,Bundled,Investor Owned,0.102187894,0.080272269,0.105844194
59483,12825,NorthWestern Energy LLC - (MT),MT,Bundled,Investor Owned,0.102187894,0.080272269,0.105844194
59480,12825,NorthWestern Energy LLC - (MT),MT,Bundled,Investor Owned,0.102187894,0.080272269,0.105844194
59487,12825,NorthWestern Energy LLC - (MT),MT,Bundled,Investor Owned,0.102187894,0.080272269,0.105844194
59485,12825,NorthWestern Energy LLC - (MT),MT,Bundled,Investor Owned,0.102187894,0.080272269,0.105844194
59760,12825,NorthWestern Energy LLC - (MT),MT,Bundled,Investor Owned,0.102187894,0.080272269,0.105844194
59722,12825,NorthWestern Energy LLC - (MT),MT,Bundled,Investor Owned,0.102187894,0.080272269,0.105844194
59007,12825,NorthWestern Energy LLC - (MT),MT,Bundled,Investor Owned,0.102187894,0.080272269,0.105844194
59872,12825,NorthWestern Energy LLC - (MT),MT,Bundled,Investor Owned,0.102187894,0.080272269,0.105844194
59065,12825,NorthWestern Energy LLC - (MT),MT,Bundled,Investor Owned,0.102187894,0.080272269,0.105844194
59719,12825,NorthWestern Energy LLC - (MT),MT,Bundled,Investor Owned,0.102187894,0.080272269,0.105844194
59718,12825,NorthWestern Energy LLC - (MT),MT,Bundled,Investor Owned,0.102187894,0.080272269,0.105844194
59717,12825,NorthWestern Energy LLC - (MT),MT,Bundled,Investor Owned,0.102187894,0.080272269,0.105844194
59715,12825,NorthWestern Energy LLC - (MT),MT,Bundled,Investor Owned,0.102187894,0.080272269,0.105844194
59714,12825,NorthWestern Energy LLC - (MT),MT,Bundled,Investor Owned,0.102187894,0.080272269,0.105844194
59713,12825,NorthWestern Energy LLC - (MT),MT,Bundled,Investor Owned,0.102187894,0.080272269,0.105844194
59711,12825,NorthWestern Energy LLC - (MT),MT,Bundled,Investor Owned,0.102187894,0.080272269,0.105844194
59710,12825,NorthWestern Energy LLC - (MT),MT,Bundled,Investor Owned,0.102187894,0.080272269,0.105844194
59108,12825,NorthWestern Energy LLC - (MT),MT,Bundled,Investor Owned,0.102187894,0.080272269,0.105844194
59104,12825,NorthWestern Energy LLC - (MT),MT,Bundled,Investor Owned,0.102187894,0.080272269,0.105844194
59102,12825,NorthWestern Energy LLC - (MT),MT,Bundled,Investor Owned,0.102187894,0.080272269,0.105844194
59103,12825,NorthWestern Energy LLC - (MT),MT,Bundled,Investor Owned,0.102187894,0.080272269,0.105844194
59807,12825,NorthWestern Energy LLC - (MT),MT,Bundled,Investor Owned,0.102187894,0.080272269,0.105844194
59806,12825,NorthWestern Energy LLC - (MT),MT,Bundled,Investor Owned,0.102187894,0.080272269,0.105844194
59856,12825,NorthWestern Energy LLC - (MT),MT,Bundled,Investor Owned,0.102187894,0.080272269,0.105844194
59851,12825,NorthWestern Energy LLC - (MT),MT,Bundled,Investor Owned,0.102187894,0.080272269,0.105844194
59626,12825,NorthWestern Energy LLC - (MT),MT,Bundled,Investor Owned,0.102187894,0.080272269,0.105844194
59469,12825,NorthWestern Energy LLC - (MT),MT,Bundled,Investor Owned,0.102187894,0.080272269,0.105844194
59468,12825,NorthWestern Energy LLC - (MT),MT,Bundled,Investor Owned,0.102187894,0.080272269,0.105844194
59461,12825,NorthWestern Energy LLC - (MT),MT,Bundled,Investor Owned,0.102187894,0.080272269,0.105844194
59463,12825,NorthWestern Energy LLC - (MT),MT,Bundled,Investor Owned,0.102187894,0.080272269,0.105844194
59465,12825,NorthWestern Energy LLC - (MT),MT,Bundled,Investor Owned,0.102187894,0.080272269,0.105844194
59033,12825,NorthWestern Energy LLC - (MT),MT,Delivery,Investor Owned,0.023130729,0.004845959,0.037398374
59030,12825,NorthWestern Energy LLC - (MT),MT,Delivery,Investor Owned,0.023130729,0.004845959,0.037398374
59034,12825,NorthWestern Energy LLC - (MT),MT,Delivery,Investor Owned,0.023130729,0.004845959,0.037398374
59035,12825,NorthWestern Energy LLC - (MT),MT,Delivery,Investor Owned,0.023130729,0.004845959,0.037398374
59747,12825,NorthWestern Energy LLC - (MT),MT,Delivery,Investor Owned,0.023130729,0.004845959,0.037398374
59740,12825,NorthWestern Energy LLC - (MT),MT,Delivery,Investor Owned,0.023130729,0.004845959,0.037398374
59748,12825,NorthWestern Energy LLC - (MT),MT,Delivery,Investor Owned,0.023130729,0.004845959,0.037398374
59749,12825,NorthWestern Energy LLC - (MT),MT,Delivery,Investor Owned,0.023130729,0.004845959,0.037398374
59624,12825,NorthWestern Energy LLC - (MT),MT,Delivery,Investor Owned,0.023130729,0.004845959,0.037398374
59858,12825,NorthWestern Energy LLC - (MT),MT,Delivery,Investor Owned,0.023130729,0.004845959,0.037398374
59859,12825,NorthWestern Energy LLC - (MT),MT,Delivery,Investor Owned,0.023130729,0.004845959,0.037398374
59436,12825,NorthWestern Energy LLC - (MT),MT,Delivery,Investor Owned,0.023130729,0.004845959,0.037398374
59041,12825,NorthWestern Energy LLC - (MT),MT,Delivery,Investor Owned,0.023130729,0.004845959,0.037398374
59047,12825,NorthWestern Energy LLC - (MT),MT,Delivery,Investor Owned,0.023130729,0.004845959,0.037398374
59639,12825,NorthWestern Energy LLC - (MT),MT,Delivery,Investor Owned,0.023130729,0.004845959,0.037398374
59631,12825,NorthWestern Energy LLC - (MT),MT,Delivery,Investor Owned,0.023130729,0.004845959,0.037398374
59632,12825,NorthWestern Energy LLC - (MT),MT,Delivery,Investor Owned,0.023130729,0.004845959,0.037398374
59633,12825,NorthWestern Energy LLC - (MT),MT,Delivery,Investor Owned,0.023130729,0.004845959,0.037398374
59634,12825,NorthWestern Energy LLC - (MT),MT,Delivery,Investor Owned,0.023130729,0.004845959,0.037398374
59635,12825,NorthWestern Energy LLC - (MT),MT,Delivery,Investor Owned,0.023130729,0.004845959,0.037398374
59061,12825,NorthWestern Energy LLC - (MT),MT,Delivery,Investor Owned,0.023130729,0.004845959,0.037398374
59771,12825,NorthWestern Energy LLC - (MT),MT,Delivery,Investor Owned,0.023130729,0.004845959,0.037398374
59772,12825,NorthWestern Energy LLC - (MT),MT,Delivery,Investor Owned,0.023130729,0.004845959,0.037398374
59867,12825,NorthWestern Energy LLC - (MT),MT,Delivery,Investor Owned,0.023130729,0.004845959,0.037398374
59866,12825,NorthWestern Energy LLC - (MT),MT,Delivery,Investor Owned,0.023130729,0.004845959,0.037398374
59741,12825,NorthWestern Energy LLC - (MT),MT,Delivery,Investor Owned,0.023130729,0.004845959,0.037398374
59443,12825,NorthWestern Energy LLC - (MT),MT,Delivery,Investor Owned,0.023130729,0.004845959,0.037398374
59442,12825,NorthWestern Energy LLC - (MT),MT,Delivery,Investor Owned,0.023130729,0.004845959,0.037398374
59601,12825,NorthWestern Energy LLC - (MT),MT,Delivery,Investor Owned,0.023130729,0.004845959,0.037398374
59604,12825,NorthWestern Energy LLC - (MT),MT,Delivery,Investor Owned,0.023130729,0.004845959,0.037398374
59014,12825,NorthWestern Energy LLC - (MT),MT,Delivery,Investor Owned,0.023130729,0.004845959,0.037398374
59522,12825,NorthWestern Energy LLC - (MT),MT,Delivery,Investor Owned,0.023130729,0.004845959,0.037398374
59720,12825,NorthWestern Energy LLC - (MT),MT,Delivery,Investor Owned,0.023130729,0.004845959,0.037398374
59728,12825,NorthWestern Energy LLC - (MT),MT,Delivery,Investor Owned,0.023130729,0.004845959,0.037398374
59729,12825,NorthWestern Energy LLC - (MT),MT,Delivery,Investor Owned,0.023130729,0.004845959,0.037398374
59112,12825,NorthWestern Energy LLC - (MT),MT,Delivery,Investor Owned,0.023130729,0.004845959,0.037398374
59832,12825,NorthWestern Energy LLC - (MT),MT,Delivery,Investor Owned,0.023130729,0.004845959,0.037398374
59830,12825,NorthWestern Energy LLC - (MT),MT,Delivery,Investor Owned,0.023130729,0.004845959,0.037398374
59837,12825,NorthWestern Energy LLC - (MT),MT,Delivery,Investor Owned,0.023130729,0.004845959,0.037398374
59835,12825,NorthWestern Energy LLC - (MT),MT,Delivery,Investor Owned,0.023130729,0.004845959,0.037398374
59414,12825,NorthWestern Energy LLC - (MT),MT,Delivery,Investor Owned,0.023130729,0.004845959,0.037398374
59412,12825,NorthWestern Energy LLC - (MT),MT,Delivery,Investor Owned,0.023130729,0.004845959,0.037398374
59029,12825,NorthWestern Energy LLC - (MT),MT,Delivery,Investor Owned,0.023130729,0.004845959,0.037398374
59020,12825,NorthWestern Energy LLC - (MT),MT,Delivery,Investor Owned,0.023130729,0.004845959,0.037398374
59025,12825,NorthWestern Energy LLC - (MT),MT,Delivery,Investor Owned,0.023130729,0.004845959,0.037398374
59027,12825,NorthWestern Energy LLC - (MT),MT,Delivery,Investor Owned,0.023130729,0.004845959,0.037398374
59026,12825,NorthWestern Energy LLC - (MT),MT,Delivery,Investor Owned,0.023130729,0.004845959,0.037398374
59752,12825,NorthWestern Energy LLC - (MT),MT,Delivery,Investor Owned,0.023130729,0.004845959,0.037398374
59756,12825,NorthWestern Energy LLC - (MT),MT,Delivery,Investor Owned,0.023130729,0.004845959,0.037398374
59755,12825,NorthWestern Energy LLC - (MT),MT,Delivery,Investor Owned,0.023130729,0.004845959,0.037398374
59273,12825,NorthWestern Energy LLC - (MT),MT,Delivery,Investor Owned,0.023130729,0.004845959,0.037398374
59842,12825,NorthWestern Energy LLC - (MT),MT,Delivery,Investor Owned,0.023130729,0.004845959,0.037398374
59425,12825,NorthWestern Energy LLC - (MT),MT,Delivery,Investor Owned,0.023130729,0.004845959,0.037398374
59424,12825,NorthWestern Energy LLC - (MT),MT,Delivery,Investor Owned,0.023130729,0.004845959,0.037398374
59421,12825,NorthWestern Energy LLC - (MT),MT,Delivery,Investor Owned,0.023130729,0.004845959,0.037398374
59052,12825,NorthWestern Energy LLC - (MT),MT,Delivery,Investor Owned,0.023130729,0.004845959,0.037398374
59074,12825,NorthWestern Energy LLC - (MT),MT,Delivery,Investor Owned,0.023130729,0.004845959,0.037398374
59072,12825,NorthWestern Energy LLC - (MT),MT,Delivery,Investor Owned,0.023130729,0.004845959,0.037398374
59073,12825,NorthWestern Energy LLC - (MT),MT,Delivery,Investor Owned,0.023130729,0.004845959,0.037398374
59745,12825,NorthWestern Energy LLC - (MT),MT,Delivery,Investor Owned,0.023130729,0.004845959,0.037398374
59625,12825,NorthWestern Energy LLC - (MT),MT,Delivery,Investor Owned,0.023130729,0.004845959,0.037398374
59623,12825,NorthWestern Energy LLC - (MT),MT,Delivery,Investor Owned,0.023130729,0.004845959,0.037398374
59540,12825,NorthWestern Energy LLC - (MT),MT,Delivery,Investor Owned,0.023130729,0.004845959,0.037398374
59701,12825,NorthWestern Energy LLC - (MT),MT,Delivery,Investor Owned,0.023130729,0.004845959,0.037398374
59702,12825,NorthWestern Energy LLC - (MT),MT,Delivery,Investor Owned,0.023130729,0.004845959,0.037398374
59703,12825,NorthWestern Energy LLC - (MT),MT,Delivery,Investor Owned,0.023130729,0.004845959,0.037398374
59433,12825,NorthWestern Energy LLC - (MT),MT,Delivery,Investor Owned,0.023130729,0.004845959,0.037398374
59716,12825,NorthWestern Energy LLC - (MT),MT,Delivery,Investor Owned,0.023130729,0.004845959,0.037398374
59812,12825,NorthWestern Energy LLC - (MT),MT,Delivery,Investor Owned,0.023130729,0.004845959,0.037398374
59472,12825,NorthWestern Energy LLC - (MT),MT,Delivery,Investor Owned,0.023130729,0.004845959,0.037398374
59477,12825,NorthWestern Energy LLC - (MT),MT,Delivery,Investor Owned,0.023130729,0.004845959,0.037398374
59841,12825,NorthWestern Energy LLC - (MT),MT,Delivery,Investor Owned,0.023130729,0.004845959,0.037398374
59001,12825,NorthWestern Energy LLC - (MT),MT,Delivery,Investor Owned,0.023130729,0.004845959,0.037398374
59008,12825,NorthWestern Energy LLC - (MT),MT,Delivery,Investor Owned,0.023130729,0.004845959,0.037398374
59479,12825,NorthWestern Energy LLC - (MT),MT,Delivery,Investor Owned,0.023130729,0.004845959,0.037398374
59731,12825,NorthWestern Energy LLC - (MT),MT,Delivery,Investor Owned,0.023130729,0.004845959,0.037398374
59730,12825,NorthWestern Energy LLC - (MT),MT,Delivery,Investor Owned,0.023130729,0.004845959,0.037398374
59733,12825,NorthWestern Energy LLC - (MT),MT,Delivery,Investor Owned,0.023130729,0.004845959,0.037398374
59735,12825,NorthWestern Energy LLC - (MT),MT,Delivery,Investor Owned,0.023130729,0.004845959,0.037398374
59082,12825,NorthWestern Energy LLC - (MT),MT,Delivery,Investor Owned,0.023130729,0.004845959,0.037398374
59081,12825,NorthWestern Energy LLC - (MT),MT,Delivery,Investor Owned,0.023130729,0.004845959,0.037398374
59801,12825,NorthWestern Energy LLC - (MT),MT,Delivery,Investor Owned,0.023130729,0.004845959,0.037398374
59403,12825,NorthWestern Energy LLC - (MT),MT,Delivery,Investor Owned,0.023130729,0.004845959,0.037398374
59402,12825,NorthWestern Energy LLC - (MT),MT,Delivery,Investor Owned,0.023130729,0.004845959,0.037398374
59401,12825,NorthWestern Energy LLC - (MT),MT,Delivery,Investor Owned,0.023130729,0.004845959,0.037398374
59406,12825,NorthWestern Energy LLC - (MT),MT,Delivery,Investor Owned,0.023130729,0.004845959,0.037398374
59405,12825,NorthWestern Energy LLC - (MT),MT,Delivery,Investor Owned,0.023130729,0.004845959,0.037398374
59404,12825,NorthWestern Energy LLC - (MT),MT,Delivery,Investor Owned,0.023130729,0.004845959,0.037398374
59648,12825,NorthWestern Energy LLC - (MT),MT,Delivery,Investor Owned,0.023130729,0.004845959,0.037398374
59645,12825,NorthWestern Energy LLC - (MT),MT,Delivery,Investor Owned,0.023130729,0.004845959,0.037398374
59644,12825,NorthWestern Energy LLC - (MT),MT,Delivery,Investor Owned,0.023130729,0.004845959,0.037398374
59647,12825,NorthWestern Energy LLC - (MT),MT,Delivery,Investor Owned,0.023130729,0.004845959,0.037398374
59641,12825,NorthWestern Energy LLC - (MT),MT,Delivery,Investor Owned,0.023130729,0.004845959,0.037398374
59640,12825,NorthWestern Energy LLC - (MT),MT,Delivery,Investor Owned,0.023130729,0.004845959,0.037398374
59643,12825,NorthWestern Energy LLC - (MT),MT,Delivery,Investor Owned,0.023130729,0.004845959,0.037398374
59642,12825,NorthWestern Energy LLC - (MT),MT,Delivery,Investor Owned,0.023130729,0.004845959,0.037398374
59057,12825,NorthWestern Energy LLC - (MT),MT,Delivery,Investor Owned,0.023130729,0.004845959,0.037398374
59053,12825,NorthWestern Energy LLC - (MT),MT,Delivery,Investor Owned,0.023130729,0.004845959,0.037398374
59483,12825,NorthWestern Energy LLC - (MT),MT,Delivery,Investor Owned,0.023130729,0.004845959,0.037398374
59480,12825,NorthWestern Energy LLC - (MT),MT,Delivery,Investor Owned,0.023130729,0.004845959,0.037398374
59487,12825,NorthWestern Energy LLC - (MT),MT,Delivery,Investor Owned,0.023130729,0.004845959,0.037398374
59485,12825,NorthWestern Energy LLC - (MT),MT,Delivery,Investor Owned,0.023130729,0.004845959,0.037398374
59760,12825,NorthWestern Energy LLC - (MT),MT,Delivery,Investor Owned,0.023130729,0.004845959,0.037398374
59722,12825,NorthWestern Energy LLC - (MT),MT,Delivery,Investor Owned,0.023130729,0.004845959,0.037398374
59007,12825,NorthWestern Energy LLC - (MT),MT,Delivery,Investor Owned,0.023130729,0.004845959,0.037398374
59872,12825,NorthWestern Energy LLC - (MT),MT,Delivery,Investor Owned,0.023130729,0.004845959,0.037398374
59065,12825,NorthWestern Energy LLC - (MT),MT,Delivery,Investor Owned,0.023130729,0.004845959,0.037398374
59719,12825,NorthWestern Energy LLC - (MT),MT,Delivery,Investor Owned,0.023130729,0.004845959,0.037398374
59718,12825,NorthWestern Energy LLC - (MT),MT,Delivery,Investor Owned,0.023130729,0.004845959,0.037398374
59717,12825,NorthWestern Energy LLC - (MT),MT,Delivery,Investor Owned,0.023130729,0.004845959,0.037398374
59715,12825,NorthWestern Energy LLC - (MT),MT,Delivery,Investor Owned,0.023130729,0.004845959,0.037398374
59714,12825,NorthWestern Energy LLC - (MT),MT,Delivery,Investor Owned,0.023130729,0.004845959,0.037398374
59713,12825,NorthWestern Energy LLC - (MT),MT,Delivery,Investor Owned,0.023130729,0.004845959,0.037398374
59711,12825,NorthWestern Energy LLC - (MT),MT,Delivery,Investor Owned,0.023130729,0.004845959,0.037398374
59710,12825,NorthWestern Energy LLC - (MT),MT,Delivery,Investor Owned,0.023130729,0.004845959,0.037398374
59108,12825,NorthWestern Energy LLC - (MT),MT,Delivery,Investor Owned,0.023130729,0.004845959,0.037398374
59104,12825,NorthWestern Energy LLC - (MT),MT,Delivery,Investor Owned,0.023130729,0.004845959,0.037398374
59102,12825,NorthWestern Energy LLC - (MT),MT,Delivery,Investor Owned,0.023130729,0.004845959,0.037398374
59103,12825,NorthWestern Energy LLC - (MT),MT,Delivery,Investor Owned,0.023130729,0.004845959,0.037398374
59807,12825,NorthWestern Energy LLC - (MT),MT,Delivery,Investor Owned,0.023130729,0.004845959,0.037398374
59806,12825,NorthWestern Energy LLC - (MT),MT,Delivery,Investor Owned,0.023130729,0.004845959,0.037398374
59856,12825,NorthWestern Energy LLC - (MT),MT,Delivery,Investor Owned,0.023130729,0.004845959,0.037398374
59851,12825,NorthWestern Energy LLC - (MT),MT,Delivery,Investor Owned,0.023130729,0.004845959,0.037398374
59626,12825,NorthWestern Energy LLC - (MT),MT,Delivery,Investor Owned,0.023130729,0.004845959,0.037398374
59469,12825,NorthWestern Energy LLC - (MT),MT,Delivery,Investor Owned,0.023130729,0.004845959,0.037398374
59468,12825,NorthWestern Energy LLC - (MT),MT,Delivery,Investor Owned,0.023130729,0.004845959,0.037398374
59461,12825,NorthWestern Energy LLC - (MT),MT,Delivery,Investor Owned,0.023130729,0.004845959,0.037398374
59463,12825,NorthWestern Energy LLC - (MT),MT,Delivery,Investor Owned,0.023130729,0.004845959,0.037398374
59465,12825,NorthWestern Energy LLC - (MT),MT,Delivery,Investor Owned,0.023130729,0.004845959,0.037398374
78505,17008,Sharyland Utilities LP,TX,Bundled,Investor Owned,0.103296554,0.084887129,0.108000503
78502,17008,Sharyland Utilities LP,TX,Bundled,Investor Owned,0.103296554,0.084887129,0.108000503
78501,17008,Sharyland Utilities LP,TX,Bundled,Investor Owned,0.103296554,0.084887129,0.108000503
75603,17698,Southwestern Electric Power Co,TX,Bundled,Investor Owned,0.063361498,0.052386981,0.07869612
75602,17698,Southwestern Electric Power Co,TX,Bundled,Investor Owned,0.063361498,0.052386981,0.07869612
75601,17698,Southwestern Electric Power Co,TX,Bundled,Investor Owned,0.063361498,0.052386981,0.07869612
75607,17698,Southwestern Electric Power Co,TX,Bundled,Investor Owned,0.063361498,0.052386981,0.07869612
75605,17698,Southwestern Electric Power Co,TX,Bundled,Investor Owned,0.063361498,0.052386981,0.07869612
75604,17698,Southwestern Electric Power Co,TX,Bundled,Investor Owned,0.063361498,0.052386981,0.07869612
75608,17698,Southwestern Electric Power Co,TX,Bundled,Investor Owned,0.063361498,0.052386981,0.07869612
75444,17698,Southwestern Electric Power Co,TX,Bundled,Investor Owned,0.063361498,0.052386981,0.07869612
75935,17698,Southwestern Electric Power Co,TX,Bundled,Investor Owned,0.063361498,0.052386981,0.07869612
75680,17698,Southwestern Electric Power Co,TX,Bundled,Investor Owned,0.063361498,0.052386981,0.07869612
75687,17698,Southwestern Electric Power Co,TX,Bundled,Investor Owned,0.063361498,0.052386981,0.07869612
75686,17698,Southwestern Electric Power Co,TX,Bundled,Investor Owned,0.063361498,0.052386981,0.07869612
75568,17698,Southwestern Electric Power Co,TX,Bundled,Investor Owned,0.063361498,0.052386981,0.07869612
75569,17698,Southwestern Electric Power Co,TX,Bundled,Investor Owned,0.063361498,0.052386981,0.07869612
75567,17698,Southwestern Electric Power Co,TX,Bundled,Investor Owned,0.063361498,0.052386981,0.07869612
75565,17698,Southwestern Electric Power Co,TX,Bundled,Investor Owned,0.063361498,0.052386981,0.07869612
75563,17698,Southwestern Electric Power Co,TX,Bundled,Investor Owned,0.063361498,0.052386981,0.07869612
75561,17698,Southwestern Electric Power Co,TX,Bundled,Investor Owned,0.063361498,0.052386981,0.07869612
75493,17698,Southwestern Electric Power Co,TX,Bundled,Investor Owned,0.063361498,0.052386981,0.07869612
75650,17698,Southwestern Electric Power Co,TX,Bundled,Investor Owned,0.063361498,0.052386981,0.07869612
75652,17698,Southwestern Electric Power Co,TX,Bundled,Investor Owned,0.063361498,0.052386981,0.07869612
75654,17698,Southwestern Electric Power Co,TX,Bundled,Investor Owned,0.063361498,0.052386981,0.07869612
75656,17698,Southwestern Electric Power Co,TX,Bundled,Investor Owned,0.063361498,0.052386981,0.07869612
75657,17698,Southwestern Electric Power Co,TX,Bundled,Investor Owned,0.063361498,0.052386981,0.07869612
75658,17698,Southwestern Electric Power Co,TX,Bundled,Investor Owned,0.063361498,0.052386981,0.07869612
75659,17698,Southwestern Electric Power Co,TX,Bundled,Investor Owned,0.063361498,0.052386981,0.07869612
75410,17698,Southwestern Electric Power Co,TX,Bundled,Investor Owned,0.063361498,0.052386981,0.07869612
75755,17698,Southwestern Electric Power Co,TX,Bundled,Investor Owned,0.063361498,0.052386981,0.07869612
75599,17698,Southwestern Electric Power Co,TX,Bundled,Investor Owned,0.063361498,0.052386981,0.07869612
75653,17698,Southwestern Electric Power Co,TX,Bundled,Investor Owned,0.063361498,0.052386981,0.07869612
75661,17698,Southwestern Electric Power Co,TX,Bundled,Investor Owned,0.063361498,0.052386981,0.07869612
75660,17698,Southwestern Electric Power Co,TX,Bundled,Investor Owned,0.063361498,0.052386981,0.07869612
75663,17698,Southwestern Electric Power Co,TX,Bundled,Investor Owned,0.063361498,0.052386981,0.07869612
75662,17698,Southwestern Electric Power Co,TX,Bundled,Investor Owned,0.063361498,0.052386981,0.07869612
75666,17698,Southwestern Electric Power Co,TX,Bundled,Investor Owned,0.063361498,0.052386981,0.07869612
75636,17698,Southwestern Electric Power Co,TX,Bundled,Investor Owned,0.063361498,0.052386981,0.07869612
75633,17698,Southwestern Electric Power Co,TX,Bundled,Investor Owned,0.063361498,0.052386981,0.07869612
75631,17698,Southwestern Electric Power Co,TX,Bundled,Investor Owned,0.063361498,0.052386981,0.07869612
79230,17698,Southwestern Electric Power Co,TX,Bundled,Investor Owned,0.063361498,0.052386981,0.07869612
75773,17698,Southwestern Electric Power Co,TX,Bundled,Investor Owned,0.063361498,0.052386981,0.07869612
75571,17698,Southwestern Electric Power Co,TX,Bundled,Investor Owned,0.063361498,0.052386981,0.07869612
75570,17698,Southwestern Electric Power Co,TX,Bundled,Investor Owned,0.063361498,0.052386981,0.07869612
75689,17698,Southwestern Electric Power Co,TX,Bundled,Investor Owned,0.063361498,0.052386981,0.07869612
75647,17698,Southwestern Electric Power Co,TX,Bundled,Investor Owned,0.063361498,0.052386981,0.07869612
75643,17698,Southwestern Electric Power Co,TX,Bundled,Investor Owned,0.063361498,0.052386981,0.07869612
75640,17698,Southwestern Electric Power Co,TX,Bundled,Investor Owned,0.063361498,0.052386981,0.07869612
75974,17698,Southwestern Electric Power Co,TX,Bundled,Investor Owned,0.063361498,0.052386981,0.07869612
75615,17698,Southwestern Electric Power Co,TX,Bundled,Investor Owned,0.063361498,0.052386981,0.07869612
75456,17698,Southwestern Electric Power Co,TX,Bundled,Investor Owned,0.063361498,0.052386981,0.07869612
75457,17698,Southwestern Electric Power Co,TX,Bundled,Investor Owned,0.063361498,0.052386981,0.07869612
75455,17698,Southwestern Electric Power Co,TX,Bundled,Investor Owned,0.063361498,0.052386981,0.07869612
75694,17698,Southwestern Electric Power Co,TX,Bundled,Investor Owned,0.063361498,0.052386981,0.07869612
75691,17698,Southwestern Electric Power Co,TX,Bundled,Investor Owned,0.063361498,0.052386981,0.07869612
75692,17698,Southwestern Electric Power Co,TX,Bundled,Investor Owned,0.063361498,0.052386981,0.07869612
75693,17698,Southwestern Electric Power Co,TX,Bundled,Investor Owned,0.063361498,0.052386981,0.07869612
75559,17698,Southwestern Electric Power Co,TX,Bundled,Investor Owned,0.063361498,0.052386981,0.07869612
75558,17698,Southwestern Electric Power Co,TX,Bundled,Investor Owned,0.063361498,0.052386981,0.07869612
75551,17698,Southwestern Electric Power Co,TX,Bundled,Investor Owned,0.063361498,0.052386981,0.07869612
75556,17698,Southwestern Electric Power Co,TX,Bundled,Investor Owned,0.063361498,0.052386981,0.07869612
75554,17698,Southwestern Electric Power Co,TX,Bundled,Investor Owned,0.063361498,0.052386981,0.07869612
75792,17698,Southwestern Electric Power Co,TX,Bundled,Investor Owned,0.063361498,0.052386981,0.07869612
75797,17698,Southwestern Electric Power Co,TX,Bundled,Investor Owned,0.063361498,0.052386981,0.07869612
75688,17698,Southwestern Electric Power Co,TX,Bundled,Investor Owned,0.063361498,0.052386981,0.07869612
75682,17698,Southwestern Electric Power Co,TX,Bundled,Investor Owned,0.063361498,0.052386981,0.07869612
75681,17698,Southwestern Electric Power Co,TX,Bundled,Investor Owned,0.063361498,0.052386981,0.07869612
75685,17698,Southwestern Electric Power Co,TX,Bundled,Investor Owned,0.063361498,0.052386981,0.07869612
75684,17698,Southwestern Electric Power Co,TX,Bundled,Investor Owned,0.063361498,0.052386981,0.07869612
75606,17698,Southwestern Electric Power Co,TX,Bundled,Investor Owned,0.063361498,0.052386981,0.07869612
75501,17698,Southwestern Electric Power Co,TX,Bundled,Investor Owned,0.063361498,0.052386981,0.07869612
75505,17698,Southwestern Electric Power Co,TX,Bundled,Investor Owned,0.063361498,0.052386981,0.07869612
75670,17698,Southwestern Electric Power Co,TX,Bundled,Investor Owned,0.063361498,0.052386981,0.07869612
75671,17698,Southwestern Electric Power Co,TX,Bundled,Investor Owned,0.063361498,0.052386981,0.07869612
75471,17698,Southwestern Electric Power Co,TX,Bundled,Investor Owned,0.063361498,0.052386981,0.07869612
79404,17718,Southwestern Public Service Co,TX,Bundled,Investor Owned,0.068343137,0.04320619,0.090750575
79082,17718,Southwestern Public Service Co,TX,Bundled,Investor Owned,0.068343137,0.04320619,0.090750575
79084,17718,Southwestern Public Service Co,TX,Bundled,Investor Owned,0.068343137,0.04320619,0.090750575
79003,17718,Southwestern Public Service Co,TX,Bundled,Investor Owned,0.068343137,0.04320619,0.090750575
79002,17718,Southwestern Public Service Co,TX,Bundled,Investor Owned,0.068343137,0.04320619,0.090750575
79007,17718,Southwestern Public Service Co,TX,Bundled,Investor Owned,0.068343137,0.04320619,0.090750575
79008,17718,Southwestern Public Service Co,TX,Bundled,Investor Owned,0.068343137,0.04320619,0.090750575
79058,17718,Southwestern Public Service Co,TX,Bundled,Investor Owned,0.068343137,0.04320619,0.090750575
79054,17718,Southwestern Public Service Co,TX,Bundled,Investor Owned,0.068343137,0.04320619,0.090750575
79052,17718,Southwestern Public Service Co,TX,Bundled,Investor Owned,0.068343137,0.04320619,0.090750575
79051,17718,Southwestern Public Service Co,TX,Bundled,Investor Owned,0.068343137,0.04320619,0.090750575
79120,17718,Southwestern Public Service Co,TX,Bundled,Investor Owned,0.068343137,0.04320619,0.090750575
79121,17718,Southwestern Public Service Co,TX,Bundled,Investor Owned,0.068343137,0.04320619,0.090750575
79124,17718,Southwestern Public Service Co,TX,Bundled,Investor Owned,0.068343137,0.04320619,0.090750575
79258,17718,Southwestern Public Service Co,TX,Bundled,Investor Owned,0.068343137,0.04320619,0.090750575
79453,17718,Southwestern Public Service Co,TX,Bundled,Investor Owned,0.068343137,0.04320619,0.090750575
79059,17718,Southwestern Public Service Co,TX,Bundled,Investor Owned,0.068343137,0.04320619,0.090750575
79056,17718,Southwestern Public Service Co,TX,Bundled,Investor Owned,0.068343137,0.04320619,0.090750575
79012,17718,Southwestern Public Service Co,TX,Bundled,Investor Owned,0.068343137,0.04320619,0.090750575
79013,17718,Southwestern Public Service Co,TX,Bundled,Investor Owned,0.068343137,0.04320619,0.090750575
79010,17718,Southwestern Public Service Co,TX,Bundled,Investor Owned,0.068343137,0.04320619,0.090750575
79011,17718,Southwestern Public Service Co,TX,Bundled,Investor Owned,0.068343137,0.04320619,0.090750575
79015,17718,Southwestern Public Service Co,TX,Bundled,Investor Owned,0.068343137,0.04320619,0.090750575
79018,17718,Southwestern Public Service Co,TX,Bundled,Investor Owned,0.068343137,0.04320619,0.090750575
79313,17718,Southwestern Public Service Co,TX,Bundled,Investor Owned,0.068343137,0.04320619,0.090750575
79159,17718,Southwestern Public Service Co,TX,Bundled,Investor Owned,0.068343137,0.04320619,0.090750575
79381,17718,Southwestern Public Service Co,TX,Bundled,Investor Owned,0.068343137,0.04320619,0.090750575
79380,17718,Southwestern Public Service Co,TX,Bundled,Investor Owned,0.068343137,0.04320619,0.090750575
79025,17718,Southwestern Public Service Co,TX,Bundled,Investor Owned,0.068343137,0.04320619,0.090750575
79024,17718,Southwestern Public Service Co,TX,Bundled,Investor Owned,0.068343137,0.04320619,0.090750575
79345,17718,Southwestern Public Service Co,TX,Bundled,Investor Owned,0.068343137,0.04320619,0.090750575
79343,17718,Southwestern Public Service Co,TX,Bundled,Investor Owned,0.068343137,0.04320619,0.090750575
79016,17718,Southwestern Public Service Co,TX,Bundled,Investor Owned,0.068343137,0.04320619,0.090750575
79185,17718,Southwestern Public Service Co,TX,Bundled,Investor Owned,0.068343137,0.04320619,0.090750575
79189,17718,Southwestern Public Service Co,TX,Bundled,Investor Owned,0.068343137,0.04320619,0.090750575
79241,17718,Southwestern Public Service Co,TX,Bundled,Investor Owned,0.068343137,0.04320619,0.090750575
79108,17718,Southwestern Public Service Co,TX,Bundled,Investor Owned,0.068343137,0.04320619,0.090750575
79109,17718,Southwestern Public Service Co,TX,Bundled,Investor Owned,0.068343137,0.04320619,0.090750575
79101,17718,Southwestern Public Service Co,TX,Bundled,Investor Owned,0.068343137,0.04320619,0.090750575
79102,17718,Southwestern Public Service Co,TX,Bundled,Investor Owned,0.068343137,0.04320619,0.090750575
79103,17718,Southwestern Public Service Co,TX,Bundled,Investor Owned,0.068343137,0.04320619,0.090750575
79104,17718,Southwestern Public Service Co,TX,Bundled,Investor Owned,0.068343137,0.04320619,0.090750575
79105,17718,Southwestern Public Service Co,TX,Bundled,Investor Owned,0.068343137,0.04320619,0.090750575
79106,17718,Southwestern Public Service Co,TX,Bundled,Investor Owned,0.068343137,0.04320619,0.090750575
79107,17718,Southwestern Public Service Co,TX,Bundled,Investor Owned,0.068343137,0.04320619,0.090750575
79005,17718,Southwestern Public Service Co,TX,Bundled,Investor Owned,0.068343137,0.04320619,0.090750575
79072,17718,Southwestern Public Service Co,TX,Bundled,Investor Owned,0.068343137,0.04320619,0.090750575
79336,17718,Southwestern Public Service Co,TX,Bundled,Investor Owned,0.068343137,0.04320619,0.090750575
79339,17718,Southwestern Public Service Co,TX,Bundled,Investor Owned,0.068343137,0.04320619,0.090750575
79338,17718,Southwestern Public Service Co,TX,Bundled,Investor Owned,0.068343137,0.04320619,0.090750575
79499,17718,Southwestern Public Service Co,TX,Bundled,Investor Owned,0.068343137,0.04320619,0.090750575
79490,17718,Southwestern Public Service Co,TX,Bundled,Investor Owned,0.068343137,0.04320619,0.090750575
79081,17718,Southwestern Public Service Co,TX,Bundled,Investor Owned,0.068343137,0.04320619,0.090750575
79046,17718,Southwestern Public Service Co,TX,Bundled,Investor Owned,0.068343137,0.04320619,0.090750575
79043,17718,Southwestern Public Service Co,TX,Bundled,Investor Owned,0.068343137,0.04320619,0.090750575
79034,17718,Southwestern Public Service Co,TX,Bundled,Investor Owned,0.068343137,0.04320619,0.090750575
79364,17718,Southwestern Public Service Co,TX,Bundled,Investor Owned,0.068343137,0.04320619,0.090750575
79360,17718,Southwestern Public Service Co,TX,Bundled,Investor Owned,0.068343137,0.04320619,0.090750575
79363,17718,Southwestern Public Service Co,TX,Bundled,Investor Owned,0.068343137,0.04320619,0.090750575
79168,17718,Southwestern Public Service Co,TX,Bundled,Investor Owned,0.068343137,0.04320619,0.090750575
79166,17718,Southwestern Public Service Co,TX,Bundled,Investor Owned,0.068343137,0.04320619,0.090750575
79073,17718,Southwestern Public Service Co,TX,Bundled,Investor Owned,0.068343137,0.04320619,0.090750575
79078,17718,Southwestern Public Service Co,TX,Bundled,Investor Owned,0.068343137,0.04320619,0.090750575
79322,17718,Southwestern Public Service Co,TX,Bundled,Investor Owned,0.068343137,0.04320619,0.090750575
79325,17718,Southwestern Public Service Co,TX,Bundled,Investor Owned,0.068343137,0.04320619,0.090750575
79326,17718,Southwestern Public Service Co,TX,Bundled,Investor Owned,0.068343137,0.04320619,0.090750575
79092,17718,Southwestern Public Service Co,TX,Bundled,Investor Owned,0.068343137,0.04320619,0.090750575
79093,17718,Southwestern Public Service Co,TX,Bundled,Investor Owned,0.068343137,0.04320619,0.090750575
79096,17718,Southwestern Public Service Co,TX,Bundled,Investor Owned,0.068343137,0.04320619,0.090750575
79250,17718,Southwestern Public Service Co,TX,Bundled,Investor Owned,0.068343137,0.04320619,0.090750575
79221,17718,Southwestern Public Service Co,TX,Bundled,Investor Owned,0.068343137,0.04320619,0.090750575
79356,17718,Southwestern Public Service Co,TX,Bundled,Investor Owned,0.068343137,0.04320619,0.090750575
79350,17718,Southwestern Public Service Co,TX,Bundled,Investor Owned,0.068343137,0.04320619,0.090750575
79036,17718,Southwestern Public Service Co,TX,Bundled,Investor Owned,0.068343137,0.04320619,0.090750575
79119,17718,Southwestern Public Service Co,TX,Bundled,Investor Owned,0.068343137,0.04320619,0.090750575
79118,17718,Southwestern Public Service Co,TX,Bundled,Investor Owned,0.068343137,0.04320619,0.090750575
79117,17718,Southwestern Public Service Co,TX,Bundled,Investor Owned,0.068343137,0.04320619,0.090750575
79116,17718,Southwestern Public Service Co,TX,Bundled,Investor Owned,0.068343137,0.04320619,0.090750575
79114,17718,Southwestern Public Service Co,TX,Bundled,Investor Owned,0.068343137,0.04320619,0.090750575
79111,17718,Southwestern Public Service Co,TX,Bundled,Investor Owned,0.068343137,0.04320619,0.090750575
79110,17718,Southwestern Public Service Co,TX,Bundled,Investor Owned,0.068343137,0.04320619,0.090750575
79062,17718,Southwestern Public Service Co,TX,Bundled,Investor Owned,0.068343137,0.04320619,0.090750575
79066,17718,Southwestern Public Service Co,TX,Bundled,Investor Owned,0.068343137,0.04320619,0.090750575
79065,17718,Southwestern Public Service Co,TX,Bundled,Investor Owned,0.068343137,0.04320619,0.090750575
79064,17718,Southwestern Public Service Co,TX,Bundled,Investor Owned,0.068343137,0.04320619,0.090750575
79042,17718,Southwestern Public Service Co,TX,Bundled,Investor Owned,0.068343137,0.04320619,0.090750575
79068,17718,Southwestern Public Service Co,TX,Bundled,Investor Owned,0.068343137,0.04320619,0.090750575
79061,17718,Southwestern Public Service Co,TX,Bundled,Investor Owned,0.068343137,0.04320619,0.090750575
79031,17718,Southwestern Public Service Co,TX,Bundled,Investor Owned,0.068343137,0.04320619,0.090750575
79033,17718,Southwestern Public Service Co,TX,Bundled,Investor Owned,0.068343137,0.04320619,0.090750575
79323,17718,Southwestern Public Service Co,TX,Bundled,Investor Owned,0.068343137,0.04320619,0.090750575
79057,17718,Southwestern Public Service Co,TX,Bundled,Investor Owned,0.068343137,0.04320619,0.090750575
79098,17718,Southwestern Public Service Co,TX,Bundled,Investor Owned,0.068343137,0.04320619,0.090750575
79091,17718,Southwestern Public Service Co,TX,Bundled,Investor Owned,0.068343137,0.04320619,0.090750575
79097,17718,Southwestern Public Service Co,TX,Bundled,Investor Owned,0.068343137,0.04320619,0.090750575
79416,17718,Southwestern Public Service Co,TX,Bundled,Investor Owned,0.068343137,0.04320619,0.090750575
79373,17718,Southwestern Public Service Co,TX,Bundled,Investor Owned,0.068343137,0.04320619,0.090750575
79371,17718,Southwestern Public Service Co,TX,Bundled,Investor Owned,0.068343137,0.04320619,0.090750575
79379,17718,Southwestern Public Service Co,TX,Bundled,Investor Owned,0.068343137,0.04320619,0.090750575
79178,17718,Southwestern Public Service Co,TX,Bundled,Investor Owned,0.068343137,0.04320619,0.090750575
79174,17718,Southwestern Public Service Co,TX,Bundled,Investor Owned,0.068343137,0.04320619,0.090750575
79172,17718,Southwestern Public Service Co,TX,Bundled,Investor Owned,0.068343137,0.04320619,0.090750575
79039,17718,Southwestern Public Service Co,TX,Bundled,Investor Owned,0.068343137,0.04320619,0.090750575
77380,55937,Entergy Texas Inc.,TX,Bundled,Investor Owned,0.076956634,0.056338211,0.096686619
77665,55937,Entergy Texas Inc.,TX,Bundled,Investor Owned,0.076956634,0.056338211,0.096686619
77880,55937,Entergy Texas Inc.,TX,Bundled,Investor Owned,0.076956634,0.056338211,0.096686619
77341,55937,Entergy Texas Inc.,TX,Bundled,Investor Owned,0.076956634,0.056338211,0.096686619
77342,55937,Entergy Texas Inc.,TX,Bundled,Investor Owned,0.076956634,0.056338211,0.096686619
77343,55937,Entergy Texas Inc.,TX,Bundled,Investor Owned,0.076956634,0.056338211,0.096686619
77348,55937,Entergy Texas Inc.,TX,Bundled,Investor Owned,0.076956634,0.056338211,0.096686619
77349,55937,Entergy Texas Inc.,TX,Bundled,Investor Owned,0.076956634,0.056338211,0.096686619
75936,55937,Entergy Texas Inc.,TX,Bundled,Investor Owned,0.076956634,0.056338211,0.096686619
75933,55937,Entergy Texas Inc.,TX,Bundled,Investor Owned,0.076956634,0.056338211,0.096686619
77726,55937,Entergy Texas Inc.,TX,Bundled,Investor Owned,0.076956634,0.056338211,0.096686619
77725,55937,Entergy Texas Inc.,TX,Bundled,Investor Owned,0.076956634,0.056338211,0.096686619
77720,55937,Entergy Texas Inc.,TX,Bundled,Investor Owned,0.076956634,0.056338211,0.096686619
77376,55937,Entergy Texas Inc.,TX,Bundled,Investor Owned,0.076956634,0.056338211,0.096686619
77378,55937,Entergy Texas Inc.,TX,Bundled,Investor Owned,0.076956634,0.056338211,0.096686619
77374,55937,Entergy Texas Inc.,TX,Bundled,Investor Owned,0.076956634,0.056338211,0.096686619
77371,55937,Entergy Texas Inc.,TX,Bundled,Investor Owned,0.076956634,0.056338211,0.096686619
77372,55937,Entergy Texas Inc.,TX,Bundled,Investor Owned,0.076956634,0.056338211,0.096686619
75845,55937,Entergy Texas Inc.,TX,Bundled,Investor Owned,0.076956634,0.056338211,0.096686619
77659,55937,Entergy Texas Inc.,TX,Bundled,Investor Owned,0.076956634,0.056338211,0.096686619
77651,55937,Entergy Texas Inc.,TX,Bundled,Investor Owned,0.076956634,0.056338211,0.096686619
77656,55937,Entergy Texas Inc.,TX,Bundled,Investor Owned,0.076956634,0.056338211,0.096686619
77657,55937,Entergy Texas Inc.,TX,Bundled,Investor Owned,0.076956634,0.056338211,0.096686619
77859,55937,Entergy Texas Inc.,TX,Bundled,Investor Owned,0.076956634,0.056338211,0.096686619
77852,55937,Entergy Texas Inc.,TX,Bundled,Investor Owned,0.076956634,0.056338211,0.096686619
77650,55937,Entergy Texas Inc.,TX,Bundled,Investor Owned,0.076956634,0.056338211,0.096686619
77523,55937,Entergy Texas Inc.,TX,Bundled,Investor Owned,0.076956634,0.056338211,0.096686619
77882,55937,Entergy Texas Inc.,TX,Bundled,Investor Owned,0.076956634,0.056338211,0.096686619
77597,55937,Entergy Texas Inc.,TX,Bundled,Investor Owned,0.076956634,0.056338211,0.096686619
75990,55937,Entergy Texas Inc.,TX,Bundled,Investor Owned,0.076956634,0.056338211,0.096686619
77623,55937,Entergy Texas Inc.,TX,Bundled,Investor Owned,0.076956634,0.056338211,0.096686619
77622,55937,Entergy Texas Inc.,TX,Bundled,Investor Owned,0.076956634,0.056338211,0.096686619
77627,55937,Entergy Texas Inc.,TX,Bundled,Investor Owned,0.076956634,0.056338211,0.096686619
77626,55937,Entergy Texas Inc.,TX,Bundled,Investor Owned,0.076956634,0.056338211,0.096686619
77625,55937,Entergy Texas Inc.,TX,Bundled,Investor Owned,0.076956634,0.056338211,0.096686619
77624,55937,Entergy Texas Inc.,TX,Bundled,Investor Owned,0.076956634,0.056338211,0.096686619
77629,55937,Entergy Texas Inc.,TX,Bundled,Investor Owned,0.076956634,0.056338211,0.096686619
77320,55937,Entergy Texas Inc.,TX,Bundled,Investor Owned,0.076956634,0.056338211,0.096686619
77327,55937,Entergy Texas Inc.,TX,Bundled,Investor Owned,0.076956634,0.056338211,0.096686619
77325,55937,Entergy Texas Inc.,TX,Bundled,Investor Owned,0.076956634,0.056338211,0.096686619
77328,55937,Entergy Texas Inc.,TX,Bundled,Investor Owned,0.076956634,0.056338211,0.096686619
77863,55937,Entergy Texas Inc.,TX,Bundled,Investor Owned,0.076956634,0.056338211,0.096686619
77867,55937,Entergy Texas Inc.,TX,Bundled,Investor Owned,0.076956634,0.056338211,0.096686619
77866,55937,Entergy Texas Inc.,TX,Bundled,Investor Owned,0.076956634,0.056338211,0.096686619
77519,55937,Entergy Texas Inc.,TX,Bundled,Investor Owned,0.076956634,0.056338211,0.096686619
77514,55937,Entergy Texas Inc.,TX,Bundled,Investor Owned,0.076956634,0.056338211,0.096686619
77708,55937,Entergy Texas Inc.,TX,Bundled,Investor Owned,0.076956634,0.056338211,0.096686619
77709,55937,Entergy Texas Inc.,TX,Bundled,Investor Owned,0.076956634,0.056338211,0.096686619
77704,55937,Entergy Texas Inc.,TX,Bundled,Investor Owned,0.076956634,0.056338211,0.096686619
77705,55937,Entergy Texas Inc.,TX,Bundled,Investor Owned,0.076956634,0.056338211,0.096686619
77706,55937,Entergy Texas Inc.,TX,Bundled,Investor Owned,0.076956634,0.056338211,0.096686619
77707,55937,Entergy Texas Inc.,TX,Bundled,Investor Owned,0.076956634,0.056338211,0.096686619
77701,55937,Entergy Texas Inc.,TX,Bundled,Investor Owned,0.076956634,0.056338211,0.096686619
77702,55937,Entergy Texas Inc.,TX,Bundled,Investor Owned,0.076956634,0.056338211,0.096686619
77703,55937,Entergy Texas Inc.,TX,Bundled,Investor Owned,0.076956634,0.056338211,0.096686619
77384,55937,Entergy Texas Inc.,TX,Bundled,Investor Owned,0.076956634,0.056338211,0.096686619
77386,55937,Entergy Texas Inc.,TX,Bundled,Investor Owned,0.076956634,0.056338211,0.096686619
77655,55937,Entergy Texas Inc.,TX,Bundled,Investor Owned,0.076956634,0.056338211,0.096686619
77358,55937,Entergy Texas Inc.,TX,Bundled,Investor Owned,0.076956634,0.056338211,0.096686619
77353,55937,Entergy Texas Inc.,TX,Bundled,Investor Owned,0.076956634,0.056338211,0.096686619
77357,55937,Entergy Texas Inc.,TX,Bundled,Investor Owned,0.076956634,0.056338211,0.096686619
77355,55937,Entergy Texas Inc.,TX,Bundled,Investor Owned,0.076956634,0.056338211,0.096686619
77354,55937,Entergy Texas Inc.,TX,Bundled,Investor Owned,0.076956634,0.056338211,0.096686619
75865,55937,Entergy Texas Inc.,TX,Bundled,Investor Owned,0.076956634,0.056338211,0.096686619
75862,55937,Entergy Texas Inc.,TX,Bundled,Investor Owned,0.076956634,0.056338211,0.096686619
77838,55937,Entergy Texas Inc.,TX,Bundled,Investor Owned,0.076956634,0.056338211,0.096686619
77837,55937,Entergy Texas Inc.,TX,Bundled,Investor Owned,0.076956634,0.056338211,0.096686619
77831,55937,Entergy Texas Inc.,TX,Bundled,Investor Owned,0.076956634,0.056338211,0.096686619
77670,55937,Entergy Texas Inc.,TX,Bundled,Investor Owned,0.076956634,0.056338211,0.096686619
77344,55937,Entergy Texas Inc.,TX,Bundled,Investor Owned,0.076956634,0.056338211,0.096686619
75942,55937,Entergy Texas Inc.,TX,Bundled,Investor Owned,0.076956634,0.056338211,0.096686619
77382,55937,Entergy Texas Inc.,TX,Bundled,Investor Owned,0.076956634,0.056338211,0.096686619
77385,55937,Entergy Texas Inc.,TX,Bundled,Investor Owned,0.076956634,0.056338211,0.096686619
77560,55937,Entergy Texas Inc.,TX,Bundled,Investor Owned,0.076956634,0.056338211,0.096686619
77561,55937,Entergy Texas Inc.,TX,Bundled,Investor Owned,0.076956634,0.056338211,0.096686619
77564,55937,Entergy Texas Inc.,TX,Bundled,Investor Owned,0.076956634,0.056338211,0.096686619
77381,55937,Entergy Texas Inc.,TX,Bundled,Investor Owned,0.076956634,0.056338211,0.096686619
77387,55937,Entergy Texas Inc.,TX,Bundled,Investor Owned,0.076956634,0.056338211,0.096686619
75834,55937,Entergy Texas Inc.,TX,Bundled,Investor Owned,0.076956634,0.056338211,0.096686619
77641,55937,Entergy Texas Inc.,TX,Bundled,Investor Owned,0.076956634,0.056338211,0.096686619
77640,55937,Entergy Texas Inc.,TX,Bundled,Investor Owned,0.076956634,0.056338211,0.096686619
77643,55937,Entergy Texas Inc.,TX,Bundled,Investor Owned,0.076956634,0.056338211,0.096686619
77642,55937,Entergy Texas Inc.,TX,Bundled,Investor Owned,0.076956634,0.056338211,0.096686619
77301,55937,Entergy Texas Inc.,TX,Bundled,Investor Owned,0.076956634,0.056338211,0.096686619
77302,55937,Entergy Texas Inc.,TX,Bundled,Investor Owned,0.076956634,0.056338211,0.096686619
77303,55937,Entergy Texas Inc.,TX,Bundled,Investor Owned,0.076956634,0.056338211,0.096686619
77304,55937,Entergy Texas Inc.,TX,Bundled,Investor Owned,0.076956634,0.056338211,0.096686619
77305,55937,Entergy Texas Inc.,TX,Bundled,Investor Owned,0.076956634,0.056338211,0.096686619
77306,55937,Entergy Texas Inc.,TX,Bundled,Investor Owned,0.076956634,0.056338211,0.096686619
76629,55937,Entergy Texas Inc.,TX,Bundled,Investor Owned,0.076956634,0.056338211,0.096686619
75979,55937,Entergy Texas Inc.,TX,Bundled,Investor Owned,0.076956634,0.056338211,0.096686619
77631,55937,Entergy Texas Inc.,TX,Bundled,Investor Owned,0.076956634,0.056338211,0.096686619
77616,55937,Entergy Texas Inc.,TX,Bundled,Investor Owned,0.076956634,0.056338211,0.096686619
77617,55937,Entergy Texas Inc.,TX,Bundled,Investor Owned,0.076956634,0.056338211,0.096686619
77614,55937,Entergy Texas Inc.,TX,Bundled,Investor Owned,0.076956634,0.056338211,0.096686619
77615,55937,Entergy Texas Inc.,TX,Bundled,Investor Owned,0.076956634,0.056338211,0.096686619
77612,55937,Entergy Texas Inc.,TX,Bundled,Investor Owned,0.076956634,0.056338211,0.096686619
77613,55937,Entergy Texas Inc.,TX,Bundled,Investor Owned,0.076956634,0.056338211,0.096686619
77611,55937,Entergy Texas Inc.,TX,Bundled,Investor Owned,0.076956634,0.056338211,0.096686619
77619,55937,Entergy Texas Inc.,TX,Bundled,Investor Owned,0.076956634,0.056338211,0.096686619
77356,55937,Entergy Texas Inc.,TX,Bundled,Investor Owned,0.076956634,0.056338211,0.096686619
77333,55937,Entergy Texas Inc.,TX,Bundled,Investor Owned,0.076956634,0.056338211,0.096686619
77332,55937,Entergy Texas Inc.,TX,Bundled,Investor Owned,0.076956634,0.056338211,0.096686619
77335,55937,Entergy Texas Inc.,TX,Bundled,Investor Owned,0.076956634,0.056338211,0.096686619
77334,55937,Entergy Texas Inc.,TX,Bundled,Investor Owned,0.076956634,0.056338211,0.096686619
77713,55937,Entergy Texas Inc.,TX,Bundled,Investor Owned,0.076956634,0.056338211,0.096686619
77710,55937,Entergy Texas Inc.,TX,Bundled,Investor Owned,0.076956634,0.056338211,0.096686619
77879,55937,Entergy Texas Inc.,TX,Bundled,Investor Owned,0.076956634,0.056338211,0.096686619
77368,55937,Entergy Texas Inc.,TX,Bundled,Investor Owned,0.076956634,0.056338211,0.096686619
77362,55937,Entergy Texas Inc.,TX,Bundled,Investor Owned,0.076956634,0.056338211,0.096686619
75856,55937,Entergy Texas Inc.,TX,Bundled,Investor Owned,0.076956634,0.056338211,0.096686619
77875,55937,Entergy Texas Inc.,TX,Bundled,Investor Owned,0.076956634,0.056338211,0.096686619
77664,55937,Entergy Texas Inc.,TX,Bundled,Investor Owned,0.076956634,0.056338211,0.096686619
77663,55937,Entergy Texas Inc.,TX,Bundled,Investor Owned,0.076956634,0.056338211,0.096686619
77662,55937,Entergy Texas Inc.,TX,Bundled,Investor Owned,0.076956634,0.056338211,0.096686619
77661,55937,Entergy Texas Inc.,TX,Bundled,Investor Owned,0.076956634,0.056338211,0.096686619
77660,55937,Entergy Texas Inc.,TX,Bundled,Investor Owned,0.076956634,0.056338211,0.096686619
77318,55937,Entergy Texas Inc.,TX,Bundled,Investor Owned,0.076956634,0.056338211,0.096686619
77550,55937,Entergy Texas Inc.,TX,Bundled,Investor Owned,0.076956634,0.056338211,0.096686619
77367,55937,Entergy Texas Inc.,TX,Bundled,Investor Owned,0.076956634,0.056338211,0.096686619
77365,55937,Entergy Texas Inc.,TX,Bundled,Investor Owned,0.076956634,0.056338211,0.096686619
77393,55937,Entergy Texas Inc.,TX,Bundled,Investor Owned,0.076956634,0.056338211,0.096686619
77399,55937,Entergy Texas Inc.,TX,Bundled,Investor Owned,0.076956634,0.056338211,0.096686619
77585,55937,Entergy Texas Inc.,TX,Bundled,Investor Owned,0.076956634,0.056338211,0.096686619
77580,55937,Entergy Texas Inc.,TX,Bundled,Investor Owned,0.076956634,0.056338211,0.096686619
77639,55937,Entergy Texas Inc.,TX,Bundled,Investor Owned,0.076956634,0.056338211,0.096686619
77630,55937,Entergy Texas Inc.,TX,Bundled,Investor Owned,0.076956634,0.056338211,0.096686619
77632,55937,Entergy Texas Inc.,TX,Bundled,Investor Owned,0.076956634,0.056338211,0.096686619
77316,55937,Entergy Texas Inc.,TX,Bundled,Investor Owned,0.076956634,0.056338211,0.096686619
77872,55937,Entergy Texas Inc.,TX,Bundled,Investor Owned,0.076956634,0.056338211,0.096686619
77873,55937,Entergy Texas Inc.,TX,Bundled,Investor Owned,0.076956634,0.056338211,0.096686619
77876,55937,Entergy Texas Inc.,TX,Bundled,Investor Owned,0.076956634,0.056338211,0.096686619